{
    "PlayerParameter": {
        "AirGravity": -9.800000190734863,
        "AirSpeed": 5.0,
        "WaterGravity": -0.10000000149011612,
        "WaterJumpPower": 1.5,
        "WaterLifeTime": 9.0,
        "WaterSpeed": 3.5
    }
}
