{
    "TitlePlayerMove": {
        "Gravity": 1320.699951171875,
        "JumpPower": 466.6000061035156,
        "MovePower": 301.70001220703125
    }
}
